sehirAdikaynak,ilceAdiKaynak,sehirAdiHedef,ilceAdiHedef,mesafe
ADANA,ALADAĞ,ADANA,ALADAĞ,
ADANA,ALADAĞ,ADANA,CEYHAN,88
ADANA,ALADAĞ,ADANA,ÇUKUROVA,85
ADANA,ALADAĞ,ADANA,FEKE,117
ADANA,ALADAĞ,ADANA,İMAMOĞLU,58
ADANA,ALADAĞ,ADANA,KARAİSALI,63
ADANA,ALADAĞ,ADANA,KARATAŞ,143
ADANA,ALADAĞ,ADANA,KOZAN,73
ADANA,ALADAĞ,ADANA,POZANTI,91
ADANA,ALADAĞ,ADANA,SAİMBEYLİ,151
ADANA,ALADAĞ,ADANA,SARIÇAM,74
ADANA,ALADAĞ,ADANA,SEYHAN,98
ADANA,ALADAĞ,ADANA,TUFANBEYLİ,190
ADANA,ALADAĞ,ADANA,YUMURTALIK,124
ADANA,ALADAĞ,ADANA,YÜREĞİR,97
ADANA,ALADAĞ,ADIYAMAN,BESNİ,328
ADANA,ALADAĞ,ADIYAMAN,ÇELİKHAN,374
ADANA,ALADAĞ,ADIYAMAN,GERGER,468
ADANA,ALADAĞ,ADIYAMAN,GÖLBAŞI,300
ADANA,ALADAĞ,ADIYAMAN,KAHTA,402
ADANA,ALADAĞ,ADIYAMAN,MERKEZ,379
ADANA,ALADAĞ,ADIYAMAN,SAMSAT,426
ADANA,ALADAĞ,ADIYAMAN,SİNCİK,446
ADANA,ALADAĞ,ADIYAMAN,TUT,346
ADANA,ALADAĞ,AFYONKARAHİSAR,BAŞMAKÇI,638
ADANA,ALADAĞ,AFYONKARAHİSAR,BAYAT,569
ADANA,ALADAĞ,AFYONKARAHİSAR,BOLVADİN,533
ADANA,ALADAĞ,AFYONKARAHİSAR,ÇAY,516
ADANA,ALADAĞ,AFYONKARAHİSAR,ÇOBANLAR,540
ADANA,ALADAĞ,AFYONKARAHİSAR,DAZKIRI,647
ADANA,ALADAĞ,AFYONKARAHİSAR,DİNAR,614
ADANA,ALADAĞ,AFYONKARAHİSAR,EMİRDAĞ,564
ADANA,ALADAĞ,AFYONKARAHİSAR,EVCİLER,644
ADANA,ALADAĞ,AFYONKARAHİSAR,HOCALAR,662
ADANA,ALADAĞ,AFYONKARAHİSAR,İHSANİYE,598
ADANA,ALADAĞ,AFYONKARAHİSAR,İSCEHİSAR,580
ADANA,ALADAĞ,AFYONKARAHİSAR,KIZILÖREN,627
ADANA,ALADAĞ,AFYONKARAHİSAR,MERKEZ,560
ADANA,ALADAĞ,AFYONKARAHİSAR,SANDIKLI,626
ADANA,ALADAĞ,AFYONKARAHİSAR,SİNANPAŞA,
ADANA,ALADAĞ,AFYONKARAHİSAR,SULTANDAĞI,491
ADANA,ALADAĞ,AFYONKARAHİSAR,ŞUHUT,571
ADANA,ALADAĞ,AĞRI,DİYADİN,1053
ADANA,ALADAĞ,AĞRI,DOĞUBAYAZIT,
ADANA,ALADAĞ,AĞRI,ELEŞKİRT,999
ADANA,ALADAĞ,AĞRI,HAMUR,981
ADANA,ALADAĞ,AĞRI,MERKEZ,1059
ADANA,ALADAĞ,AĞRI,PATNOS,936
ADANA,ALADAĞ,AĞRI,TAŞLIÇAY,1034
ADANA,ALADAĞ,AĞRI,TUTAK,970
ADANA,ALADAĞ,AMASYA,GÖYNÜCEK,470
ADANA,ALADAĞ,AMASYA,GÜMÜŞHACIKÖY,552
ADANA,ALADAĞ,AMASYA,HAMAMÖZÜ,584
ADANA,ALADAĞ,AMASYA,MERKEZ,501
ADANA,ALADAĞ,AMASYA,MERZİFON,533
ADANA,ALADAĞ,AMASYA,SULUOVA,549
ADANA,ALADAĞ,AMASYA,TAŞOVA,538
ADANA,ALADAĞ,ANKARA,AKYURT,
ADANA,ALADAĞ,ANKARA,ALTINDAĞ,477
ADANA,ALADAĞ,ANKARA,AYAŞ,536
ADANA,ALADAĞ,ANKARA,BALA,418
ADANA,ALADAĞ,ANKARA,BEYPAZARI,577
ADANA,ALADAĞ,ANKARA,ÇAMLIDERE,571
ADANA,ALADAĞ,ANKARA,ÇANKAYA,489
ADANA,ALADAĞ,ANKARA,ÇUBUK,536
ADANA,ALADAĞ,ANKARA,ELMADAĞ,483
ADANA,ALADAĞ,ANKARA,ETİMESGUT,486
ADANA,ALADAĞ,ANKARA,EVREN,357
ADANA,ALADAĞ,ANKARA,GÖLBAŞI,459
ADANA,ALADAĞ,ANKARA,GÜDÜL,580
ADANA,ALADAĞ,ANKARA,HAYMANA,472
ADANA,ALADAĞ,ANKARA,KAHRAMANKAZAN,
ADANA,ALADAĞ,ANKARA,KALECİK,450
ADANA,ALADAĞ,ANKARA,KEÇİÖREN,480
ADANA,ALADAĞ,ANKARA,KIZILCAHAMAM,579
ADANA,ALADAĞ,ANKARA,MAMAK,500
ADANA,ALADAĞ,ANKARA,NALLIHAN,635
ADANA,ALADAĞ,ANKARA,POLATLI,512
ADANA,ALADAĞ,ANKARA,PURSAKLAR,492
ADANA,ALADAĞ,ANKARA,SİNCAN,509
ADANA,ALADAĞ,ANKARA,ŞEREFLİKOÇHİSAR,330
ADANA,ALADAĞ,ANKARA,YENİMAHALLE,491
ADANA,ALADAĞ,ANTALYA,AKSEKİ,495
ADANA,ALADAĞ,ANTALYA,AKSU,
ADANA,ALADAĞ,ANTALYA,ALANYA,496
ADANA,ALADAĞ,ANTALYA,DEMRE,
ADANA,ALADAĞ,ANTALYA,DÖŞEMEALTI,0
ADANA,ALADAĞ,ANTALYA,ELMALI,0
ADANA,ALADAĞ,ANTALYA,FİNİKE,0
ADANA,ALADAĞ,ANTALYA,GAZİPAŞA,0
ADANA,ALADAĞ,ANTALYA,GÜNDOĞMUŞ,0
ADANA,ALADAĞ,ANTALYA,İBRADI,0
ADANA,ALADAĞ,ANTALYA,KAŞ,0
ADANA,ALADAĞ,ANTALYA,KEMER,0
ADANA,ALADAĞ,ANTALYA,KEPEZ,0
ADANA,ALADAĞ,ANTALYA,KONYAALTI,0
ADANA,ALADAĞ,ANTALYA,KORKUTELİ,0
ADANA,ALADAĞ,ANTALYA,KUMLUCA,0
ADANA,ALADAĞ,ANTALYA,MANAVGAT,0
ADANA,ALADAĞ,ANTALYA,MURATPAŞA,0
ADANA,ALADAĞ,ANTALYA,SERİK,0
ADANA,ALADAĞ,ARTVİN,ARDANUÇ,0
ADANA,ALADAĞ,ARTVİN,ARHAVİ,0
ADANA,ALADAĞ,ARTVİN,BORÇKA,0
ADANA,ALADAĞ,ARTVİN,HOPA,0
ADANA,ALADAĞ,ARTVİN,KEMALPAŞA,0
ADANA,ALADAĞ,ARTVİN,MERKEZ,0
ADANA,ALADAĞ,ARTVİN,MURGUL,0
ADANA,ALADAĞ,ARTVİN,ŞAVŞAT,0
ADANA,ALADAĞ,ARTVİN,YUSUFELİ,0
ADANA,ALADAĞ,AYDIN,BOZDOĞAN,0
ADANA,ALADAĞ,AYDIN,BUHARKENT,0
ADANA,ALADAĞ,AYDIN,ÇİNE,0
ADANA,ALADAĞ,AYDIN,DİDİM,0
ADANA,ALADAĞ,AYDIN,EFELER,0
ADANA,ALADAĞ,AYDIN,GERMENCİK,0
ADANA,ALADAĞ,AYDIN,İNCİRLİOVA,0
ADANA,ALADAĞ,AYDIN,KARACASU,0
ADANA,ALADAĞ,AYDIN,KARPUZLU,0
ADANA,ALADAĞ,AYDIN,KOÇARLI,0
ADANA,ALADAĞ,AYDIN,KÖŞK,0
ADANA,ALADAĞ,AYDIN,KUŞADASI,0
ADANA,ALADAĞ,AYDIN,KUYUCAK,0
ADANA,ALADAĞ,AYDIN,NAZİLLİ,0
ADANA,ALADAĞ,AYDIN,SÖKE,0
ADANA,ALADAĞ,AYDIN,SULTANHİSAR,0
ADANA,ALADAĞ,AYDIN,YENİPAZAR,0
ADANA,ALADAĞ,BALIKESİR,ALTIEYLÜL,0
ADANA,ALADAĞ,BALIKESİR,AYVALIK,0
ADANA,ALADAĞ,BALIKESİR,BALYA,0
ADANA,ALADAĞ,BALIKESİR,BANDIRMA,0
ADANA,ALADAĞ,BALIKESİR,BİGADİÇ,0
ADANA,ALADAĞ,BALIKESİR,BURHANİYE,0
ADANA,ALADAĞ,BALIKESİR,DURSUNBEY,0
ADANA,ALADAĞ,BALIKESİR,EDREMİT,0
ADANA,ALADAĞ,BALIKESİR,ERDEK,0
ADANA,ALADAĞ,BALIKESİR,GÖMEÇ,0
ADANA,ALADAĞ,BALIKESİR,GÖNEN,0
ADANA,ALADAĞ,BALIKESİR,HAVRAN,0
ADANA,ALADAĞ,BALIKESİR,İVRİNDİ,0
ADANA,ALADAĞ,BALIKESİR,KARESİ,0
ADANA,ALADAĞ,BALIKESİR,KEPSUT,0
ADANA,ALADAĞ,BALIKESİR,MANYAS,0
ADANA,ALADAĞ,BALIKESİR,MARMARA,0
ADANA,ALADAĞ,BALIKESİR,SAVAŞTEPE,0
ADANA,ALADAĞ,BALIKESİR,SINDIRGI,0
ADANA,ALADAĞ,BALIKESİR,SUSURLUK,0
ADANA,ALADAĞ,BİLECİK,BOZÜYÜK,0
ADANA,ALADAĞ,BİLECİK,GÖLPAZARI,0
ADANA,ALADAĞ,BİLECİK,İNHİSAR,0
ADANA,ALADAĞ,BİLECİK,MERKEZ,0
ADANA,ALADAĞ,BİLECİK,OSMANELİ,0
ADANA,ALADAĞ,BİLECİK,PAZARYERİ,0
ADANA,ALADAĞ,BİLECİK,SÖĞÜT,0
ADANA,ALADAĞ,BİLECİK,YENİPAZAR,0
ADANA,ALADAĞ,BİNGÖL,ADAKLI,0
ADANA,ALADAĞ,BİNGÖL,GENÇ,0
ADANA,ALADAĞ,BİNGÖL,KARLIOVA,0
ADANA,ALADAĞ,BİNGÖL,KİĞI,0
ADANA,ALADAĞ,BİNGÖL,MERKEZ,0
ADANA,ALADAĞ,BİNGÖL,SOLHAN,0
ADANA,ALADAĞ,BİNGÖL,YAYLADERE,0
ADANA,ALADAĞ,BİNGÖL,YEDİSU,0
ADANA,ALADAĞ,BİTLİS,ADİLCEVAZ,0
ADANA,ALADAĞ,BİTLİS,AHLAT,0
ADANA,ALADAĞ,BİTLİS,GÜROYMAK,0
ADANA,ALADAĞ,BİTLİS,HİZAN,0
ADANA,ALADAĞ,BİTLİS,MERKEZ,0
ADANA,ALADAĞ,BİTLİS,MUTKİ,0
ADANA,ALADAĞ,BİTLİS,TATVAN,0
ADANA,ALADAĞ,BOLU,DÖRTDİVAN,0
ADANA,ALADAĞ,BOLU,GEREDE,0
ADANA,ALADAĞ,BOLU,GÖYNÜK,0
ADANA,ALADAĞ,BOLU,KIBRISCIK,0
ADANA,ALADAĞ,BOLU,MENGEN,0
ADANA,ALADAĞ,BOLU,MERKEZ,0
ADANA,ALADAĞ,BOLU,MUDURNU,0
ADANA,ALADAĞ,BOLU,SEBEN,0
ADANA,ALADAĞ,BOLU,YENİÇAĞA,0
ADANA,ALADAĞ,BURDUR,AĞLASUN,0
ADANA,ALADAĞ,BURDUR,ALTINYAYLA,0
ADANA,ALADAĞ,BURDUR,BUCAK,0
ADANA,ALADAĞ,BURDUR,ÇAVDIR,0
ADANA,ALADAĞ,BURDUR,ÇELTİKÇİ,0
ADANA,ALADAĞ,BURDUR,GÖLHİSAR,0
ADANA,ALADAĞ,BURDUR,KARAMANLI,0
ADANA,ALADAĞ,BURDUR,KEMER,0
ADANA,ALADAĞ,BURDUR,MERKEZ,0
ADANA,ALADAĞ,BURDUR,TEFENNİ,0
ADANA,ALADAĞ,BURDUR,YEŞİLOVA,0
ADANA,ALADAĞ,BURSA,BÜYÜKORHAN,0
ADANA,ALADAĞ,BURSA,GEMLİK,0
ADANA,ALADAĞ,BURSA,GÜRSU,0
ADANA,ALADAĞ,BURSA,HARMANCIK,0
ADANA,ALADAĞ,BURSA,İNEGÖL,0
ADANA,ALADAĞ,BURSA,İZNİK,0
ADANA,ALADAĞ,BURSA,KARACABEY,0
ADANA,ALADAĞ,BURSA,KELES,0
ADANA,ALADAĞ,BURSA,KESTEL,0
ADANA,ALADAĞ,BURSA,MUDANYA,0
ADANA,ALADAĞ,BURSA,MUSTAFAKEMALPAŞA,0
ADANA,ALADAĞ,BURSA,NİLÜFER,0
ADANA,ALADAĞ,BURSA,ORHANELİ,0
ADANA,ALADAĞ,BURSA,ORHANGAZİ,0
ADANA,ALADAĞ,BURSA,OSMANGAZİ,0
ADANA,ALADAĞ,BURSA,YENİŞEHİR,0
ADANA,ALADAĞ,BURSA,YILDIRIM,0
ADANA,ALADAĞ,ÇANAKKALE,AYVACIK,0
ADANA,ALADAĞ,ÇANAKKALE,BAYRAMİÇ,0
ADANA,ALADAĞ,ÇANAKKALE,BİGA,0
ADANA,ALADAĞ,ÇANAKKALE,BOZCAADA,0
ADANA,ALADAĞ,ÇANAKKALE,ÇAN,0
ADANA,ALADAĞ,ÇANAKKALE,ECEABAT,0
ADANA,ALADAĞ,ÇANAKKALE,EZİNE,0
ADANA,ALADAĞ,ÇANAKKALE,GELİBOLU,0
ADANA,ALADAĞ,ÇANAKKALE,GÖKÇEADA,0
ADANA,ALADAĞ,ÇANAKKALE,LAPSEKİ,0
ADANA,ALADAĞ,ÇANAKKALE,MERKEZ,0
ADANA,ALADAĞ,ÇANAKKALE,YENİCE,0
ADANA,ALADAĞ,ÇANKIRI,ATKARACALAR,0
ADANA,ALADAĞ,ÇANKIRI,BAYRAMÖREN,0
ADANA,ALADAĞ,ÇANKIRI,ÇERKEŞ,0
ADANA,ALADAĞ,ÇANKIRI,ELDİVAN,0
ADANA,ALADAĞ,ÇANKIRI,ILGAZ,0
ADANA,ALADAĞ,ÇANKIRI,KIZILIRMAK,0
ADANA,ALADAĞ,ÇANKIRI,KORGUN,0
ADANA,ALADAĞ,ÇANKIRI,KURŞUNLU,0
ADANA,ALADAĞ,ÇANKIRI,MERKEZ,0
ADANA,ALADAĞ,ÇANKIRI,ORTA,0
ADANA,ALADAĞ,ÇANKIRI,ŞABANÖZÜ,0
ADANA,ALADAĞ,ÇANKIRI,YAPRAKLI,0
ADANA,ALADAĞ,ÇORUM,ALACA,0
ADANA,ALADAĞ,ÇORUM,BAYAT,0
ADANA,ALADAĞ,ÇORUM,BOĞAZKALE,0
ADANA,ALADAĞ,ÇORUM,DODURGA,0
ADANA,ALADAĞ,ÇORUM,İSKİLİP,0
ADANA,ALADAĞ,ÇORUM,KARGI,0
ADANA,ALADAĞ,ÇORUM,LAÇİN,0
ADANA,ALADAĞ,ÇORUM,MECİTÖZÜ,0
ADANA,ALADAĞ,ÇORUM,MERKEZ,0
ADANA,ALADAĞ,ÇORUM,OĞUZLAR,0
ADANA,ALADAĞ,ÇORUM,ORTAKÖY,0
ADANA,ALADAĞ,ÇORUM,OSMANCIK,0
ADANA,ALADAĞ,ÇORUM,SUNGURLU,0
ADANA,ALADAĞ,ÇORUM,UĞURLUDAĞ,0
ADANA,ALADAĞ,DENİZLİ,ACIPAYAM,0
ADANA,ALADAĞ,DENİZLİ,BABADAĞ,0
ADANA,ALADAĞ,DENİZLİ,BAKLAN,0
ADANA,ALADAĞ,DENİZLİ,BEKİLLİ,0
ADANA,ALADAĞ,DENİZLİ,BEYAĞAÇ,0
ADANA,ALADAĞ,DENİZLİ,BOZKURT,0
ADANA,ALADAĞ,DENİZLİ,BULDAN,0
ADANA,ALADAĞ,DENİZLİ,ÇAL,0
ADANA,ALADAĞ,DENİZLİ,ÇAMELİ,0
ADANA,ALADAĞ,DENİZLİ,ÇARDAK,0
ADANA,ALADAĞ,DENİZLİ,ÇİVRİL,0
ADANA,ALADAĞ,DENİZLİ,GÜNEY,0
ADANA,ALADAĞ,DENİZLİ,HONAZ,0
ADANA,ALADAĞ,DENİZLİ,KALE,0
ADANA,ALADAĞ,DENİZLİ,MERKEZEFENDİ,0
ADANA,ALADAĞ,DENİZLİ,PAMUKKALE,0
ADANA,ALADAĞ,DENİZLİ,SARAYKÖY,0
ADANA,ALADAĞ,DENİZLİ,SERİNHİSAR,0
ADANA,ALADAĞ,DENİZLİ,TAVAS,0
ADANA,ALADAĞ,DİYARBAKIR,BAĞLAR,0
ADANA,ALADAĞ,DİYARBAKIR,BİSMİL,0
ADANA,ALADAĞ,DİYARBAKIR,ÇERMİK,0
ADANA,ALADAĞ,DİYARBAKIR,ÇINAR,0
ADANA,ALADAĞ,DİYARBAKIR,ÇÜNGÜŞ,0
ADANA,ALADAĞ,DİYARBAKIR,DİCLE,0
ADANA,ALADAĞ,DİYARBAKIR,EĞİL,0
ADANA,ALADAĞ,DİYARBAKIR,ERGANİ,0
ADANA,ALADAĞ,DİYARBAKIR,HANİ,0
ADANA,ALADAĞ,DİYARBAKIR,HAZRO,0
ADANA,ALADAĞ,DİYARBAKIR,KAYAPINAR,0
ADANA,ALADAĞ,DİYARBAKIR,KOCAKÖY,0
ADANA,ALADAĞ,DİYARBAKIR,KULP,0
ADANA,ALADAĞ,DİYARBAKIR,LİCE,0
ADANA,ALADAĞ,DİYARBAKIR,SİLVAN,0
ADANA,ALADAĞ,DİYARBAKIR,SUR,0
ADANA,ALADAĞ,DİYARBAKIR,YENİŞEHİR,0
ADANA,ALADAĞ,EDİRNE,ENEZ,0
ADANA,ALADAĞ,EDİRNE,HAVSA,0
ADANA,ALADAĞ,EDİRNE,İPSALA,0
ADANA,ALADAĞ,EDİRNE,KEŞAN,0
ADANA,ALADAĞ,EDİRNE,LALAPAŞA,0
ADANA,ALADAĞ,EDİRNE,MERİÇ,0
ADANA,ALADAĞ,EDİRNE,MERKEZ,0
ADANA,ALADAĞ,EDİRNE,SÜLOĞLU,0
ADANA,ALADAĞ,EDİRNE,UZUNKÖPRÜ,0
ADANA,ALADAĞ,ELAZIĞ,AĞIN,0
ADANA,ALADAĞ,ELAZIĞ,ALACAKAYA,0
ADANA,ALADAĞ,ELAZIĞ,ARICAK,0
ADANA,ALADAĞ,ELAZIĞ,BASKİL,0
ADANA,ALADAĞ,ELAZIĞ,KARAKOÇAN,0
ADANA,ALADAĞ,ELAZIĞ,KEBAN,0
ADANA,ALADAĞ,ELAZIĞ,KOVANCILAR,0
ADANA,ALADAĞ,ELAZIĞ,MADEN,0
ADANA,ALADAĞ,ELAZIĞ,MERKEZ,0
ADANA,ALADAĞ,ELAZIĞ,PALU,0
ADANA,ALADAĞ,ELAZIĞ,SİVRİCE,0
ADANA,ALADAĞ,ERZİNCAN,ÇAYIRLI,0
ADANA,ALADAĞ,ERZİNCAN,İLİÇ,0
ADANA,ALADAĞ,ERZİNCAN,KEMAH,0
ADANA,ALADAĞ,ERZİNCAN,KEMALİYE,0
ADANA,ALADAĞ,ERZİNCAN,MERKEZ,0
ADANA,ALADAĞ,ERZİNCAN,OTLUKBELİ,0
ADANA,ALADAĞ,ERZİNCAN,REFAHİYE,0
ADANA,ALADAĞ,ERZİNCAN,TERCAN,0
ADANA,ALADAĞ,ERZİNCAN,ÜZÜMLÜ,0
ADANA,ALADAĞ,ERZURUM,AŞKALE,0
ADANA,ALADAĞ,ERZURUM,AZİZİYE,0
ADANA,ALADAĞ,ERZURUM,ÇAT,0
ADANA,ALADAĞ,ERZURUM,HINIS,0
ADANA,ALADAĞ,ERZURUM,HORASAN,0
ADANA,ALADAĞ,ERZURUM,İSPİR,0
ADANA,ALADAĞ,ERZURUM,KARAÇOBAN,0
ADANA,ALADAĞ,ERZURUM,KARAYAZI,0
ADANA,ALADAĞ,ERZURUM,KÖPRÜKÖY,0
ADANA,ALADAĞ,ERZURUM,NARMAN,0
ADANA,ALADAĞ,ERZURUM,OLTU,0
ADANA,ALADAĞ,ERZURUM,OLUR,0
ADANA,ALADAĞ,ERZURUM,PALANDÖKEN,0
ADANA,ALADAĞ,ERZURUM,PASİNLER,0
ADANA,ALADAĞ,ERZURUM,PAZARYOLU,0
ADANA,ALADAĞ,ERZURUM,ŞENKAYA,0
ADANA,ALADAĞ,ERZURUM,TEKMAN,0
ADANA,ALADAĞ,ERZURUM,TORTUM,0
ADANA,ALADAĞ,ERZURUM,UZUNDERE,0
ADANA,ALADAĞ,ERZURUM,YAKUTİYE,0
ADANA,ALADAĞ,ESKİŞEHİR,ALPU,0
ADANA,ALADAĞ,ESKİŞEHİR,BEYLİKOVA,0
ADANA,ALADAĞ,ESKİŞEHİR,ÇİFTELER,0
ADANA,ALADAĞ,ESKİŞEHİR,GÜNYÜZÜ,0
ADANA,ALADAĞ,ESKİŞEHİR,HAN,0
ADANA,ALADAĞ,ESKİŞEHİR,İNÖNÜ,0
ADANA,ALADAĞ,ESKİŞEHİR,MAHMUDİYE,0
ADANA,ALADAĞ,ESKİŞEHİR,MİHALGAZİ,0
ADANA,ALADAĞ,ESKİŞEHİR,MİHALIÇÇIK,0
ADANA,ALADAĞ,ESKİŞEHİR,ODUNPAZARI,0
ADANA,ALADAĞ,ESKİŞEHİR,SARICAKAYA,0
ADANA,ALADAĞ,ESKİŞEHİR,SEYİTGAZİ,0
ADANA,ALADAĞ,ESKİŞEHİR,SİVRİHİSAR,0
ADANA,ALADAĞ,ESKİŞEHİR,TEPEBAŞI,0
ADANA,ALADAĞ,GAZİANTEP,ARABAN,0
ADANA,ALADAĞ,GAZİANTEP,İSLAHİYE,0
ADANA,ALADAĞ,GAZİANTEP,KARKAMIŞ,0
ADANA,ALADAĞ,GAZİANTEP,NİZİP,0
ADANA,ALADAĞ,GAZİANTEP,NURDAĞI,0
ADANA,ALADAĞ,GAZİANTEP,OĞUZELİ,0
ADANA,ALADAĞ,GAZİANTEP,ŞAHİNBEY,0
ADANA,ALADAĞ,GAZİANTEP,ŞEHİTKAMİL,0
ADANA,ALADAĞ,GAZİANTEP,YAVUZELİ,0
ADANA,ALADAĞ,GİRESUN,ALUCRA,0
ADANA,ALADAĞ,GİRESUN,BULANCAK,0
ADANA,ALADAĞ,GİRESUN,ÇAMOLUK,0
ADANA,ALADAĞ,GİRESUN,ÇANAKÇI,0
ADANA,ALADAĞ,GİRESUN,DERELİ,0
ADANA,ALADAĞ,GİRESUN,DOĞANKENT,0
ADANA,ALADAĞ,GİRESUN,ESPİYE,0
ADANA,ALADAĞ,GİRESUN,EYNESİL,0
ADANA,ALADAĞ,GİRESUN,GÖRELE,0
ADANA,ALADAĞ,GİRESUN,GÜCE,0
ADANA,ALADAĞ,GİRESUN,KEŞAP,0
ADANA,ALADAĞ,GİRESUN,MERKEZ,0
ADANA,ALADAĞ,GİRESUN,PİRAZİZ,0
ADANA,ALADAĞ,GİRESUN,ŞEBİNKARAHİSAR,0
ADANA,ALADAĞ,GİRESUN,TİREBOLU,0
ADANA,ALADAĞ,GİRESUN,YAĞLIDERE,0
ADANA,ALADAĞ,GÜMÜŞHANE,KELKİT,0
ADANA,ALADAĞ,GÜMÜŞHANE,KÖSE,0
ADANA,ALADAĞ,GÜMÜŞHANE,KÜRTÜN,0
ADANA,ALADAĞ,GÜMÜŞHANE,MERKEZ,0
ADANA,ALADAĞ,GÜMÜŞHANE,ŞİRAN,0
ADANA,ALADAĞ,GÜMÜŞHANE,TORUL,0
ADANA,ALADAĞ,HAKKARİ,ÇUKURCA,0
ADANA,ALADAĞ,HAKKARİ,DERECİK,0
ADANA,ALADAĞ,HAKKARİ,MERKEZ,0
ADANA,ALADAĞ,HAKKARİ,ŞEMDİNLİ,0
ADANA,ALADAĞ,HAKKARİ,YÜKSEKOVA,0
ADANA,ALADAĞ,HATAY,ALTINÖZÜ,0
ADANA,ALADAĞ,HATAY,ANTAKYA,0
ADANA,ALADAĞ,HATAY,ARSUZ,0
ADANA,ALADAĞ,HATAY,BELEN,0
ADANA,ALADAĞ,HATAY,DEFNE,0
ADANA,ALADAĞ,HATAY,DÖRTYOL,0
ADANA,ALADAĞ,HATAY,ERZİN,0
ADANA,ALADAĞ,HATAY,HASSA,0
ADANA,ALADAĞ,HATAY,İSKENDERUN,0
ADANA,ALADAĞ,HATAY,KIRIKHAN,0
ADANA,ALADAĞ,HATAY,KUMLU,0
ADANA,ALADAĞ,HATAY,PAYAS,0
ADANA,ALADAĞ,HATAY,REYHANLI,0
ADANA,ALADAĞ,HATAY,SAMANDAĞ,0
ADANA,ALADAĞ,HATAY,YAYLADAĞI,0
ADANA,ALADAĞ,ISPARTA,AKSU,0
ADANA,ALADAĞ,ISPARTA,ATABEY,0
ADANA,ALADAĞ,ISPARTA,EĞİRDİR,0
ADANA,ALADAĞ,ISPARTA,GELENDOST,0
ADANA,ALADAĞ,ISPARTA,GÖNEN,0
ADANA,ALADAĞ,ISPARTA,KEÇİBORLU,0
ADANA,ALADAĞ,ISPARTA,MERKEZ,0
ADANA,ALADAĞ,ISPARTA,SENİRKENT,0
ADANA,ALADAĞ,ISPARTA,SÜTÇÜLER,0
ADANA,ALADAĞ,ISPARTA,ŞARKİKARAAĞAÇ,0
ADANA,ALADAĞ,ISPARTA,ULUBORLU,0
ADANA,ALADAĞ,ISPARTA,YALVAÇ,0
ADANA,ALADAĞ,ISPARTA,YENİŞARBADEMLİ,0
ADANA,ALADAĞ,MERSİN,AKDENİZ,0
ADANA,ALADAĞ,MERSİN,ANAMUR,0
ADANA,ALADAĞ,MERSİN,AYDINCIK,0
ADANA,ALADAĞ,MERSİN,BOZYAZI,0
ADANA,ALADAĞ,MERSİN,ÇAMLIYAYLA,0
ADANA,ALADAĞ,MERSİN,ERDEMLİ,0
ADANA,ALADAĞ,MERSİN,GÜLNAR,0
ADANA,ALADAĞ,MERSİN,MEZİTLİ,0
ADANA,ALADAĞ,MERSİN,MUT,0
ADANA,ALADAĞ,MERSİN,SİLİFKE,0
ADANA,ALADAĞ,MERSİN,TARSUS,0
ADANA,ALADAĞ,MERSİN,TOROSLAR,0
ADANA,ALADAĞ,MERSİN,YENİŞEHİR,0
ADANA,ALADAĞ,İSTANBUL,ADALAR,0
ADANA,ALADAĞ,İSTANBUL,ARNAVUTKÖY,0
ADANA,ALADAĞ,İSTANBUL,ATAŞEHİR,0
ADANA,ALADAĞ,İSTANBUL,AVCILAR,0
ADANA,ALADAĞ,İSTANBUL,BAĞCILAR,0
ADANA,ALADAĞ,İSTANBUL,BAHÇELİEVLER,0
ADANA,ALADAĞ,İSTANBUL,BAKIRKÖY,0
ADANA,ALADAĞ,İSTANBUL,BAŞAKŞEHİR,0
ADANA,ALADAĞ,İSTANBUL,BAYRAMPAŞA,0
ADANA,ALADAĞ,İSTANBUL,BEŞİKTAŞ,0
ADANA,ALADAĞ,İSTANBUL,BEYKOZ,0
ADANA,ALADAĞ,İSTANBUL,BEYLİKDÜZÜ,0
ADANA,ALADAĞ,İSTANBUL,BEYOĞLU,0
ADANA,ALADAĞ,İSTANBUL,BÜYÜKÇEKMECE,0
ADANA,ALADAĞ,İSTANBUL,ÇATALCA,0
ADANA,ALADAĞ,İSTANBUL,ÇEKMEKÖY,0
ADANA,ALADAĞ,İSTANBUL,ESENLER,0
ADANA,ALADAĞ,İSTANBUL,ESENYURT,0
ADANA,ALADAĞ,İSTANBUL,EYÜPSULTAN,0
ADANA,ALADAĞ,İSTANBUL,FATİH,0
ADANA,ALADAĞ,İSTANBUL,GAZİOSMANPAŞA,0
ADANA,ALADAĞ,İSTANBUL,GÜNGÖREN,0
ADANA,ALADAĞ,İSTANBUL,KADIKÖY,0
ADANA,ALADAĞ,İSTANBUL,KAĞITHANE,0
ADANA,ALADAĞ,İSTANBUL,KARTAL,0
ADANA,ALADAĞ,İSTANBUL,KÜÇÜKÇEKMECE,0
ADANA,ALADAĞ,İSTANBUL,MALTEPE,0
ADANA,ALADAĞ,İSTANBUL,PENDİK,0
ADANA,ALADAĞ,İSTANBUL,SANCAKTEPE,0
ADANA,ALADAĞ,İSTANBUL,SARIYER,0
ADANA,ALADAĞ,İSTANBUL,SİLİVRİ,0
ADANA,ALADAĞ,İSTANBUL,SULTANBEYLİ,0
ADANA,ALADAĞ,İSTANBUL,SULTANGAZİ,0
ADANA,ALADAĞ,İSTANBUL,ŞİLE,0
ADANA,ALADAĞ,İSTANBUL,ŞİŞLİ,0
ADANA,ALADAĞ,İSTANBUL,TUZLA,0
ADANA,ALADAĞ,İSTANBUL,ÜMRANİYE,0
ADANA,ALADAĞ,İSTANBUL,ÜSKÜDAR,0
ADANA,ALADAĞ,İSTANBUL,ZEYTİNBURNU,0
ADANA,ALADAĞ,İZMİR,ALİAĞA,0
ADANA,ALADAĞ,İZMİR,BALÇOVA,0
ADANA,ALADAĞ,İZMİR,BAYINDIR,0
ADANA,ALADAĞ,İZMİR,BAYRAKLI,0
ADANA,ALADAĞ,İZMİR,BERGAMA,0
ADANA,ALADAĞ,İZMİR,BEYDAĞ,0
ADANA,ALADAĞ,İZMİR,BORNOVA,0
ADANA,ALADAĞ,İZMİR,BUCA,0
ADANA,ALADAĞ,İZMİR,ÇEŞME,0
ADANA,ALADAĞ,İZMİR,ÇİĞLİ,0
ADANA,ALADAĞ,İZMİR,DİKİLİ,0
ADANA,ALADAĞ,İZMİR,FOÇA,0
ADANA,ALADAĞ,İZMİR,GAZİEMİR,0
ADANA,ALADAĞ,İZMİR,GÜZELBAHÇE,0
ADANA,ALADAĞ,İZMİR,KARABAĞLAR,0
ADANA,ALADAĞ,İZMİR,KARABURUN,0
ADANA,ALADAĞ,İZMİR,KARŞIYAKA,0
ADANA,ALADAĞ,İZMİR,KEMALPAŞA,0
ADANA,ALADAĞ,İZMİR,KINIK,0
ADANA,ALADAĞ,İZMİR,KİRAZ,0
ADANA,ALADAĞ,İZMİR,KONAK,0
ADANA,ALADAĞ,İZMİR,MENDERES,0
ADANA,ALADAĞ,İZMİR,MENEMEN,0
ADANA,ALADAĞ,İZMİR,NARLIDERE,0
ADANA,ALADAĞ,İZMİR,ÖDEMİŞ,0
ADANA,ALADAĞ,İZMİR,SEFERİHİSAR,0
ADANA,ALADAĞ,İZMİR,SELÇUK,0
ADANA,ALADAĞ,İZMİR,TİRE,0
ADANA,ALADAĞ,İZMİR,TORBALI,0
ADANA,ALADAĞ,İZMİR,URLA,0
ADANA,ALADAĞ,KARS,AKYAKA,0
ADANA,ALADAĞ,KARS,ARPAÇAY,0
ADANA,ALADAĞ,KARS,DİGOR,0
ADANA,ALADAĞ,KARS,KAĞIZMAN,0
ADANA,ALADAĞ,KARS,MERKEZ,0
ADANA,ALADAĞ,KARS,SARIKAMIŞ,0
ADANA,ALADAĞ,KARS,SELİM,0
ADANA,ALADAĞ,KARS,SUSUZ,0
ADANA,ALADAĞ,KASTAMONU,ABANA,0
ADANA,ALADAĞ,KASTAMONU,AĞLI,0
ADANA,ALADAĞ,KASTAMONU,ARAÇ,0
ADANA,ALADAĞ,KASTAMONU,AZDAVAY,0
ADANA,ALADAĞ,KASTAMONU,BOZKURT,0
ADANA,ALADAĞ,KASTAMONU,CİDE,0
ADANA,ALADAĞ,KASTAMONU,ÇATALZEYTİN,0
ADANA,ALADAĞ,KASTAMONU,DADAY,0
ADANA,ALADAĞ,KASTAMONU,DEVREKANİ,0
ADANA,ALADAĞ,KASTAMONU,DOĞANYURT,0
ADANA,ALADAĞ,KASTAMONU,HANÖNÜ,0
ADANA,ALADAĞ,KASTAMONU,İHSANGAZİ,0
ADANA,ALADAĞ,KASTAMONU,İNEBOLU,0
ADANA,ALADAĞ,KASTAMONU,KÜRE,0
ADANA,ALADAĞ,KASTAMONU,MERKEZ,0
ADANA,ALADAĞ,KASTAMONU,PINARBAŞI,0
ADANA,ALADAĞ,KASTAMONU,SEYDİLER,0
ADANA,ALADAĞ,KASTAMONU,ŞENPAZAR,0
ADANA,ALADAĞ,KASTAMONU,TAŞKÖPRÜ,0
ADANA,ALADAĞ,KASTAMONU,TOSYA,0
ADANA,ALADAĞ,KAYSERİ,AKKIŞLA,0
ADANA,ALADAĞ,KAYSERİ,BÜNYAN,0
ADANA,ALADAĞ,KAYSERİ,DEVELİ,0
ADANA,ALADAĞ,KAYSERİ,FELAHİYE,0
ADANA,ALADAĞ,KAYSERİ,HACILAR,0
ADANA,ALADAĞ,KAYSERİ,İNCESU,0
ADANA,ALADAĞ,KAYSERİ,KOCASİNAN,0
ADANA,ALADAĞ,KAYSERİ,MELİKGAZİ,0
ADANA,ALADAĞ,KAYSERİ,ÖZVATAN,0
ADANA,ALADAĞ,KAYSERİ,PINARBAŞI,0
ADANA,ALADAĞ,KAYSERİ,SARIOĞLAN,0
ADANA,ALADAĞ,KAYSERİ,SARIZ,0
ADANA,ALADAĞ,KAYSERİ,TALAS,0
ADANA,ALADAĞ,KAYSERİ,TOMARZA,0
ADANA,ALADAĞ,KAYSERİ,YAHYALI,0
ADANA,ALADAĞ,KAYSERİ,YEŞİLHİSAR,0
ADANA,ALADAĞ,KIRKLARELİ,BABAESKİ,0
ADANA,ALADAĞ,KIRKLARELİ,DEMİRKÖY,0
ADANA,ALADAĞ,KIRKLARELİ,KOFÇAZ,0
ADANA,ALADAĞ,KIRKLARELİ,LÜLEBURGAZ,0
ADANA,ALADAĞ,KIRKLARELİ,MERKEZ,0
ADANA,ALADAĞ,KIRKLARELİ,PEHLİVANKÖY,0
ADANA,ALADAĞ,KIRKLARELİ,PINARHİSAR,0
ADANA,ALADAĞ,KIRKLARELİ,VİZE,0
ADANA,ALADAĞ,KIRŞEHİR,AKÇAKENT,0
ADANA,ALADAĞ,KIRŞEHİR,AKPINAR,0
ADANA,ALADAĞ,KIRŞEHİR,BOZTEPE,0
ADANA,ALADAĞ,KIRŞEHİR,ÇİÇEKDAĞI,0
ADANA,ALADAĞ,KIRŞEHİR,KAMAN,0
ADANA,ALADAĞ,KIRŞEHİR,MERKEZ,0
ADANA,ALADAĞ,KIRŞEHİR,MUCUR,0
ADANA,ALADAĞ,KOCAELİ,BAŞİSKELE,0
ADANA,ALADAĞ,KOCAELİ,ÇAYIROVA,0
ADANA,ALADAĞ,KOCAELİ,DARICA,0
ADANA,ALADAĞ,KOCAELİ,DERİNCE,0
ADANA,ALADAĞ,KOCAELİ,DİLOVASI,0
ADANA,ALADAĞ,KOCAELİ,GEBZE,0
ADANA,ALADAĞ,KOCAELİ,GÖLCÜK,0
ADANA,ALADAĞ,KOCAELİ,İZMİT,0
ADANA,ALADAĞ,KOCAELİ,KANDIRA,0
ADANA,ALADAĞ,KOCAELİ,KARAMÜRSEL,0
ADANA,ALADAĞ,KOCAELİ,KARTEPE,0
ADANA,ALADAĞ,KOCAELİ,KÖRFEZ,0
ADANA,ALADAĞ,KONYA,AHIRLI,0
ADANA,ALADAĞ,KONYA,AKÖREN,0
ADANA,ALADAĞ,KONYA,AKŞEHİR,0
ADANA,ALADAĞ,KONYA,ALTINEKİN,0
ADANA,ALADAĞ,KONYA,BEYŞEHİR,0
ADANA,ALADAĞ,KONYA,BOZKIR,0
ADANA,ALADAĞ,KONYA,CİHANBEYLİ,0
ADANA,ALADAĞ,KONYA,ÇELTİK,0
ADANA,ALADAĞ,KONYA,ÇUMRA,0
ADANA,ALADAĞ,KONYA,DERBENT,0
ADANA,ALADAĞ,KONYA,DEREBUCAK,0
ADANA,ALADAĞ,KONYA,DOĞANHİSAR,0
ADANA,ALADAĞ,KONYA,EMİRGAZİ,0
ADANA,ALADAĞ,KONYA,EREĞLİ,0
ADANA,ALADAĞ,KONYA,GÜNEYSINIR,0
ADANA,ALADAĞ,KONYA,HADİM,0
ADANA,ALADAĞ,KONYA,HALKAPINAR,0
ADANA,ALADAĞ,KONYA,HÜYÜK,0
ADANA,ALADAĞ,KONYA,ILGIN,0
ADANA,ALADAĞ,KONYA,KADINHANI,0
ADANA,ALADAĞ,KONYA,KARAPINAR,0
ADANA,ALADAĞ,KONYA,KARATAY,0
ADANA,ALADAĞ,KONYA,KULU,0
ADANA,ALADAĞ,KONYA,MERAM,0
ADANA,ALADAĞ,KONYA,SARAYÖNÜ,0
ADANA,ALADAĞ,KONYA,SELÇUKLU,0
ADANA,ALADAĞ,KONYA,SEYDİŞEHİR,0
ADANA,ALADAĞ,KONYA,TAŞKENT,0
ADANA,ALADAĞ,KONYA,TUZLUKÇU,0
ADANA,ALADAĞ,KONYA,YALIHÜYÜK,0
ADANA,ALADAĞ,KONYA,YUNAK,0
ADANA,ALADAĞ,KÜTAHYA,ALTINTAŞ,0
ADANA,ALADAĞ,KÜTAHYA,ASLANAPA,0
ADANA,ALADAĞ,KÜTAHYA,ÇAVDARHİSAR,0
ADANA,ALADAĞ,KÜTAHYA,DOMANİÇ,0
ADANA,ALADAĞ,KÜTAHYA,DUMLUPINAR,0
ADANA,ALADAĞ,KÜTAHYA,EMET,0
ADANA,ALADAĞ,KÜTAHYA,GEDİZ,0
ADANA,ALADAĞ,KÜTAHYA,HİSARCIK,0
ADANA,ALADAĞ,KÜTAHYA,MERKEZ,0
ADANA,ALADAĞ,KÜTAHYA,PAZARLAR,0
ADANA,ALADAĞ,KÜTAHYA,SİMAV,0
ADANA,ALADAĞ,KÜTAHYA,ŞAPHANE,0
ADANA,ALADAĞ,KÜTAHYA,TAVŞANLI,0
ADANA,ALADAĞ,MALATYA,AKÇADAĞ,0
ADANA,ALADAĞ,MALATYA,ARAPGİR,0
ADANA,ALADAĞ,MALATYA,ARGUVAN,0
ADANA,ALADAĞ,MALATYA,BATTALGAZİ,0
ADANA,ALADAĞ,MALATYA,DARENDE,0
ADANA,ALADAĞ,MALATYA,DOĞANŞEHİR,0
ADANA,ALADAĞ,MALATYA,DOĞANYOL,0
ADANA,ALADAĞ,MALATYA,HEKİMHAN,0
ADANA,ALADAĞ,MALATYA,KALE,0
ADANA,ALADAĞ,MALATYA,KULUNCAK,0
ADANA,ALADAĞ,MALATYA,PÜTÜRGE,0
ADANA,ALADAĞ,MALATYA,YAZIHAN,0
ADANA,ALADAĞ,MALATYA,YEŞİLYURT,0
ADANA,ALADAĞ,MANİSA,AHMETLİ,0
ADANA,ALADAĞ,MANİSA,AKHİSAR,0
ADANA,ALADAĞ,MANİSA,ALAŞEHİR,0
ADANA,ALADAĞ,MANİSA,DEMİRCİ,0
ADANA,ALADAĞ,MANİSA,GÖLMARMARA,0
ADANA,ALADAĞ,MANİSA,GÖRDES,0
ADANA,ALADAĞ,MANİSA,KIRKAĞAÇ,0
ADANA,ALADAĞ,MANİSA,KÖPRÜBAŞI,0
ADANA,ALADAĞ,MANİSA,KULA,0
ADANA,ALADAĞ,MANİSA,SALİHLİ,0
ADANA,ALADAĞ,MANİSA,SARIGÖL,0
ADANA,ALADAĞ,MANİSA,SARUHANLI,0
ADANA,ALADAĞ,MANİSA,SELENDİ,0
ADANA,ALADAĞ,MANİSA,SOMA,0
ADANA,ALADAĞ,MANİSA,ŞEHZADELER,0
ADANA,ALADAĞ,MANİSA,TURGUTLU,0
ADANA,ALADAĞ,MANİSA,YUNUSEMRE,0
ADANA,ALADAĞ,KAHRAMANMARAŞ,AFŞİN,0
ADANA,ALADAĞ,KAHRAMANMARAŞ,ANDIRIN,0
ADANA,ALADAĞ,KAHRAMANMARAŞ,ÇAĞLAYANCERİT,0
ADANA,ALADAĞ,KAHRAMANMARAŞ,DULKADİROĞLU,0
ADANA,ALADAĞ,KAHRAMANMARAŞ,EKİNÖZÜ,0
ADANA,ALADAĞ,KAHRAMANMARAŞ,ELBİSTAN,0
ADANA,ALADAĞ,KAHRAMANMARAŞ,GÖKSUN,0
ADANA,ALADAĞ,KAHRAMANMARAŞ,NURHAK,0
ADANA,ALADAĞ,KAHRAMANMARAŞ,ONİKİŞUBAT,0
ADANA,ALADAĞ,KAHRAMANMARAŞ,PAZARCIK,0
ADANA,ALADAĞ,KAHRAMANMARAŞ,TÜRKOĞLU,0
ADANA,ALADAĞ,MARDİN,ARTUKLU,0
ADANA,ALADAĞ,MARDİN,DARGEÇİT,0
ADANA,ALADAĞ,MARDİN,DERİK,0
ADANA,ALADAĞ,MARDİN,KIZILTEPE,0
ADANA,ALADAĞ,MARDİN,MAZIDAĞI,0
ADANA,ALADAĞ,MARDİN,MİDYAT,0
ADANA,ALADAĞ,MARDİN,NUSAYBİN,0
ADANA,ALADAĞ,MARDİN,ÖMERLİ,0
ADANA,ALADAĞ,MARDİN,SAVUR,0
ADANA,ALADAĞ,MARDİN,YEŞİLLİ,0
ADANA,ALADAĞ,MUĞLA,BODRUM,0
ADANA,ALADAĞ,MUĞLA,DALAMAN,0
ADANA,ALADAĞ,MUĞLA,DATÇA,0
ADANA,ALADAĞ,MUĞLA,FETHİYE,0
ADANA,ALADAĞ,MUĞLA,KAVAKLIDERE,0
ADANA,ALADAĞ,MUĞLA,KÖYCEĞİZ,0
ADANA,ALADAĞ,MUĞLA,MARMARİS,0
ADANA,ALADAĞ,MUĞLA,MENTEŞE,0
ADANA,ALADAĞ,MUĞLA,MİLAS,0
ADANA,ALADAĞ,MUĞLA,ORTACA,0
ADANA,ALADAĞ,MUĞLA,SEYDİKEMER,0
ADANA,ALADAĞ,MUĞLA,ULA,0
ADANA,ALADAĞ,MUĞLA,YATAĞAN,0
ADANA,ALADAĞ,MUŞ,BULANIK,0
ADANA,ALADAĞ,MUŞ,HASKÖY,0
ADANA,ALADAĞ,MUŞ,KORKUT,0
ADANA,ALADAĞ,MUŞ,MALAZGİRT,0
ADANA,ALADAĞ,MUŞ,MERKEZ,0
ADANA,ALADAĞ,MUŞ,VARTO,0
ADANA,ALADAĞ,NEVŞEHİR,ACIGÖL,0
ADANA,ALADAĞ,NEVŞEHİR,AVANOS,0
ADANA,ALADAĞ,NEVŞEHİR,DERİNKUYU,0
ADANA,ALADAĞ,NEVŞEHİR,GÜLŞEHİR,0
ADANA,ALADAĞ,NEVŞEHİR,HACIBEKTAŞ,0
ADANA,ALADAĞ,NEVŞEHİR,KOZAKLI,0
ADANA,ALADAĞ,NEVŞEHİR,MERKEZ,0
ADANA,ALADAĞ,NEVŞEHİR,ÜRGÜP,0
ADANA,ALADAĞ,NİĞDE,ALTUNHİSAR,0
ADANA,ALADAĞ,NİĞDE,BOR,0
ADANA,ALADAĞ,NİĞDE,ÇAMARDI,0
ADANA,ALADAĞ,NİĞDE,ÇİFTLİK,0
ADANA,ALADAĞ,NİĞDE,MERKEZ,0
ADANA,ALADAĞ,NİĞDE,ULUKIŞLA,0
ADANA,ALADAĞ,ORDU,AKKUŞ,0
ADANA,ALADAĞ,ORDU,ALTINORDU,0
ADANA,ALADAĞ,ORDU,AYBASTI,0
ADANA,ALADAĞ,ORDU,ÇAMAŞ,0
ADANA,ALADAĞ,ORDU,ÇATALPINAR,0
ADANA,ALADAĞ,ORDU,ÇAYBAŞI,0
ADANA,ALADAĞ,ORDU,FATSA,0
ADANA,ALADAĞ,ORDU,GÖLKÖY,0
ADANA,ALADAĞ,ORDU,GÜLYALI,0
ADANA,ALADAĞ,ORDU,GÜRGENTEPE,0
ADANA,ALADAĞ,ORDU,İKİZCE,0
ADANA,ALADAĞ,ORDU,KABADÜZ,0
ADANA,ALADAĞ,ORDU,KABATAŞ,0
ADANA,ALADAĞ,ORDU,KORGAN,0
ADANA,ALADAĞ,ORDU,KUMRU,0
ADANA,ALADAĞ,ORDU,MESUDİYE,0
ADANA,ALADAĞ,ORDU,PERŞEMBE,0
ADANA,ALADAĞ,ORDU,ULUBEY,0
ADANA,ALADAĞ,ORDU,ÜNYE,0
ADANA,ALADAĞ,RİZE,ARDEŞEN,0
ADANA,ALADAĞ,RİZE,ÇAMLIHEMŞİN,0
ADANA,ALADAĞ,RİZE,ÇAYELİ,0
ADANA,ALADAĞ,RİZE,DEREPAZARI,0
ADANA,ALADAĞ,RİZE,FINDIKLI,0
ADANA,ALADAĞ,RİZE,GÜNEYSU,0
ADANA,ALADAĞ,RİZE,HEMŞİN,0
ADANA,ALADAĞ,RİZE,İKİZDERE,0
ADANA,ALADAĞ,RİZE,İYİDERE,0
ADANA,ALADAĞ,RİZE,KALKANDERE,0
ADANA,ALADAĞ,RİZE,MERKEZ,0
ADANA,ALADAĞ,RİZE,PAZAR,0
ADANA,ALADAĞ,SAKARYA,ADAPAZARI,0
ADANA,ALADAĞ,SAKARYA,AKYAZI,0
ADANA,ALADAĞ,SAKARYA,ARİFİYE,0
ADANA,ALADAĞ,SAKARYA,ERENLER,0
ADANA,ALADAĞ,SAKARYA,FERİZLİ,0
ADANA,ALADAĞ,SAKARYA,GEYVE,0
ADANA,ALADAĞ,SAKARYA,HENDEK,0
ADANA,ALADAĞ,SAKARYA,KARAPÜRÇEK,0
ADANA,ALADAĞ,SAKARYA,KARASU,0
ADANA,ALADAĞ,SAKARYA,KAYNARCA,0
ADANA,ALADAĞ,SAKARYA,KOCAALİ,0
ADANA,ALADAĞ,SAKARYA,PAMUKOVA,0
ADANA,ALADAĞ,SAKARYA,SAPANCA,0
ADANA,ALADAĞ,SAKARYA,SERDİVAN,0
ADANA,ALADAĞ,SAKARYA,SÖĞÜTLÜ,0
ADANA,ALADAĞ,SAKARYA,TARAKLI,0
ADANA,ALADAĞ,SAMSUN,ALAÇAM,0
ADANA,ALADAĞ,SAMSUN,ASARCIK,0
ADANA,ALADAĞ,SAMSUN,ATAKUM,0
ADANA,ALADAĞ,SAMSUN,AYVACIK,0
ADANA,ALADAĞ,SAMSUN,BAFRA,0
ADANA,ALADAĞ,SAMSUN,CANİK,0
ADANA,ALADAĞ,SAMSUN,ÇARŞAMBA,0
ADANA,ALADAĞ,SAMSUN,HAVZA,0
ADANA,ALADAĞ,SAMSUN,İLKADIM,0
ADANA,ALADAĞ,SAMSUN,KAVAK,0
ADANA,ALADAĞ,SAMSUN,LADİK,0
ADANA,ALADAĞ,SAMSUN,SALIPAZARI,0
ADANA,ALADAĞ,SAMSUN,TEKKEKÖY,0
ADANA,ALADAĞ,SAMSUN,TERME,0
ADANA,ALADAĞ,SAMSUN,VEZİRKÖPRÜ,0
ADANA,ALADAĞ,SAMSUN,YAKAKENT,0
ADANA,ALADAĞ,SAMSUN,19 MAYIS,0
ADANA,ALADAĞ,SİİRT,BAYKAN,0
ADANA,ALADAĞ,SİİRT,ERUH,0
ADANA,ALADAĞ,SİİRT,KURTALAN,0
ADANA,ALADAĞ,SİİRT,MERKEZ,0
ADANA,ALADAĞ,SİİRT,PERVARİ,0
ADANA,ALADAĞ,SİİRT,ŞİRVAN,0
ADANA,ALADAĞ,SİİRT,TİLLO,0
ADANA,ALADAĞ,SİNOP,AYANCIK,0
ADANA,ALADAĞ,SİNOP,BOYABAT,0
ADANA,ALADAĞ,SİNOP,DİKMEN,0
ADANA,ALADAĞ,SİNOP,DURAĞAN,0
ADANA,ALADAĞ,SİNOP,ERFELEK,0
ADANA,ALADAĞ,SİNOP,GERZE,0
ADANA,ALADAĞ,SİNOP,MERKEZ,0
ADANA,ALADAĞ,SİNOP,SARAYDÜZÜ,0
ADANA,ALADAĞ,SİNOP,TÜRKELİ,0
ADANA,ALADAĞ,SİVAS,AKINCILAR,0
ADANA,ALADAĞ,SİVAS,ALTINYAYLA,0
ADANA,ALADAĞ,SİVAS,DİVRİĞİ,0
ADANA,ALADAĞ,SİVAS,DOĞANŞAR,0
ADANA,ALADAĞ,SİVAS,GEMEREK,0
ADANA,ALADAĞ,SİVAS,GÖLOVA,0
ADANA,ALADAĞ,SİVAS,GÜRÜN,0
ADANA,ALADAĞ,SİVAS,HAFİK,0
ADANA,ALADAĞ,SİVAS,İMRANLI,0
ADANA,ALADAĞ,SİVAS,KANGAL,0
ADANA,ALADAĞ,SİVAS,KOYULHİSAR,0
ADANA,ALADAĞ,SİVAS,MERKEZ,0
ADANA,ALADAĞ,SİVAS,SUŞEHRİ,0
ADANA,ALADAĞ,SİVAS,ŞARKIŞLA,0
ADANA,ALADAĞ,SİVAS,ULAŞ,0
ADANA,ALADAĞ,SİVAS,YILDIZELİ,0
ADANA,ALADAĞ,SİVAS,ZARA,0
ADANA,ALADAĞ,TEKİRDAĞ,ÇERKEZKÖY,0
ADANA,ALADAĞ,TEKİRDAĞ,ÇORLU,0
ADANA,ALADAĞ,TEKİRDAĞ,ERGENE,0
ADANA,ALADAĞ,TEKİRDAĞ,HAYRABOLU,0
ADANA,ALADAĞ,TEKİRDAĞ,KAPAKLI,0
ADANA,ALADAĞ,TEKİRDAĞ,MALKARA,0
ADANA,ALADAĞ,TEKİRDAĞ,MARMARAEREĞLİSİ,0
ADANA,ALADAĞ,TEKİRDAĞ,MURATLI,0
ADANA,ALADAĞ,TEKİRDAĞ,SARAY,0
ADANA,ALADAĞ,TEKİRDAĞ,SÜLEYMANPAŞA,0
ADANA,ALADAĞ,TEKİRDAĞ,ŞARKÖY,0
ADANA,ALADAĞ,TOKAT,ALMUS,0
ADANA,ALADAĞ,TOKAT,ARTOVA,0
ADANA,ALADAĞ,TOKAT,BAŞÇİFTLİK,0
ADANA,ALADAĞ,TOKAT,ERBAA,0
ADANA,ALADAĞ,TOKAT,MERKEZ,0
ADANA,ALADAĞ,TOKAT,NİKSAR,0
ADANA,ALADAĞ,TOKAT,PAZAR,0
ADANA,ALADAĞ,TOKAT,REŞADİYE,0
ADANA,ALADAĞ,TOKAT,SULUSARAY,0
ADANA,ALADAĞ,TOKAT,TURHAL,0
ADANA,ALADAĞ,TOKAT,YEŞİLYURT,0
ADANA,ALADAĞ,TOKAT,ZİLE,0
ADANA,ALADAĞ,TRABZON,AKÇAABAT,0
ADANA,ALADAĞ,TRABZON,ARAKLI,0
ADANA,ALADAĞ,TRABZON,ARSİN,0
ADANA,ALADAĞ,TRABZON,BEŞİKDÜZÜ,0
ADANA,ALADAĞ,TRABZON,ÇARŞIBAŞI,0
ADANA,ALADAĞ,TRABZON,ÇAYKARA,0
ADANA,ALADAĞ,TRABZON,DERNEKPAZARI,0
ADANA,ALADAĞ,TRABZON,DÜZKÖY,0
ADANA,ALADAĞ,TRABZON,HAYRAT,0
ADANA,ALADAĞ,TRABZON,KÖPRÜBAŞI,0
ADANA,ALADAĞ,TRABZON,MAÇKA,0
ADANA,ALADAĞ,TRABZON,OF,0
ADANA,ALADAĞ,TRABZON,ORTAHİSAR,0
ADANA,ALADAĞ,TRABZON,SÜRMENE,0
ADANA,ALADAĞ,TRABZON,ŞALPAZARI,0
ADANA,ALADAĞ,TRABZON,TONYA,0
ADANA,ALADAĞ,TRABZON,VAKFIKEBİR,0
ADANA,ALADAĞ,TRABZON,YOMRA,0
ADANA,ALADAĞ,TUNCELİ,ÇEMİŞGEZEK,0
ADANA,ALADAĞ,TUNCELİ,HOZAT,0
ADANA,ALADAĞ,TUNCELİ,MAZGİRT,0
ADANA,ALADAĞ,TUNCELİ,MERKEZ,0
ADANA,ALADAĞ,TUNCELİ,NAZIMİYE,0
ADANA,ALADAĞ,TUNCELİ,OVACIK,0
ADANA,ALADAĞ,TUNCELİ,PERTEK,0
ADANA,ALADAĞ,TUNCELİ,PÜLÜMÜR,0
ADANA,ALADAĞ,ŞANLIURFA,AKÇAKALE,0
ADANA,ALADAĞ,ŞANLIURFA,BİRECİK,0
ADANA,ALADAĞ,ŞANLIURFA,BOZOVA,0
ADANA,ALADAĞ,ŞANLIURFA,CEYLANPINAR,0
ADANA,ALADAĞ,ŞANLIURFA,EYYÜBİYE,0
ADANA,ALADAĞ,ŞANLIURFA,HALFETİ,0
ADANA,ALADAĞ,ŞANLIURFA,HALİLİYE,0
ADANA,ALADAĞ,ŞANLIURFA,HARRAN,0
ADANA,ALADAĞ,ŞANLIURFA,HİLVAN,0
ADANA,ALADAĞ,ŞANLIURFA,KARAKÖPRÜ,0
ADANA,ALADAĞ,ŞANLIURFA,SİVEREK,0
ADANA,ALADAĞ,ŞANLIURFA,SURUÇ,0
ADANA,ALADAĞ,ŞANLIURFA,VİRANŞEHİR,0
ADANA,ALADAĞ,UŞAK,BANAZ,0
ADANA,ALADAĞ,UŞAK,EŞME,0
ADANA,ALADAĞ,UŞAK,KARAHALLI,0
ADANA,ALADAĞ,UŞAK,MERKEZ,0
ADANA,ALADAĞ,UŞAK,SİVASLI,0
ADANA,ALADAĞ,UŞAK,ULUBEY,0
ADANA,ALADAĞ,VAN,BAHÇESARAY,0
ADANA,ALADAĞ,VAN,BAŞKALE,0
ADANA,ALADAĞ,VAN,ÇALDIRAN,0
ADANA,ALADAĞ,VAN,ÇATAK,0
ADANA,ALADAĞ,VAN,EDREMİT,0
ADANA,ALADAĞ,VAN,ERCİŞ,0
ADANA,ALADAĞ,VAN,GEVAŞ,0
ADANA,ALADAĞ,VAN,GÜRPINAR,0
ADANA,ALADAĞ,VAN,İPEKYOLU,0
ADANA,ALADAĞ,VAN,MURADİYE,0
ADANA,ALADAĞ,VAN,ÖZALP,0
ADANA,ALADAĞ,VAN,SARAY,0
ADANA,ALADAĞ,VAN,TUŞBA,0
ADANA,ALADAĞ,YOZGAT,AKDAĞMADENİ,0
ADANA,ALADAĞ,YOZGAT,AYDINCIK,0
ADANA,ALADAĞ,YOZGAT,BOĞAZLIYAN,0
ADANA,ALADAĞ,YOZGAT,ÇANDIR,0
ADANA,ALADAĞ,YOZGAT,ÇAYIRALAN,0
ADANA,ALADAĞ,YOZGAT,ÇEKEREK,0
ADANA,ALADAĞ,YOZGAT,KADIŞEHRİ,0
ADANA,ALADAĞ,YOZGAT,MERKEZ,0
ADANA,ALADAĞ,YOZGAT,SARAYKENT,0
ADANA,ALADAĞ,YOZGAT,SARIKAYA,0
ADANA,ALADAĞ,YOZGAT,SORGUN,0
ADANA,ALADAĞ,YOZGAT,ŞEFAATLİ,0
ADANA,ALADAĞ,YOZGAT,YENİFAKILI,0
ADANA,ALADAĞ,YOZGAT,YERKÖY,0
ADANA,ALADAĞ,ZONGULDAK,ALAPLI,0
ADANA,ALADAĞ,ZONGULDAK,ÇAYCUMA,0
ADANA,ALADAĞ,ZONGULDAK,DEVREK,0
ADANA,ALADAĞ,ZONGULDAK,EREĞLİ,0
ADANA,ALADAĞ,ZONGULDAK,GÖKÇEBEY,0
ADANA,ALADAĞ,ZONGULDAK,KİLİMLİ,0
ADANA,ALADAĞ,ZONGULDAK,KOZLU,0
ADANA,ALADAĞ,ZONGULDAK,MERKEZ,0
ADANA,ALADAĞ,AKSARAY,AĞAÇÖREN,0
ADANA,ALADAĞ,AKSARAY,ESKİL,0
ADANA,ALADAĞ,AKSARAY,GÜLAĞAÇ,0
ADANA,ALADAĞ,AKSARAY,GÜZELYURT,0
ADANA,ALADAĞ,AKSARAY,MERKEZ,0
ADANA,ALADAĞ,AKSARAY,ORTAKÖY,0
ADANA,ALADAĞ,AKSARAY,SARIYAHŞİ,0
ADANA,ALADAĞ,AKSARAY,SULTANHANI,0
ADANA,ALADAĞ,BAYBURT,AYDINTEPE,0
ADANA,ALADAĞ,BAYBURT,DEMİRÖZÜ,0
ADANA,ALADAĞ,BAYBURT,MERKEZ,0
ADANA,ALADAĞ,KARAMAN,AYRANCI,0
ADANA,ALADAĞ,KARAMAN,BAŞYAYLA,0
ADANA,ALADAĞ,KARAMAN,ERMENEK,0
ADANA,ALADAĞ,KARAMAN,KAZIMKARABEKİR,0
ADANA,ALADAĞ,KARAMAN,MERKEZ,0
ADANA,ALADAĞ,KARAMAN,SARIVELİLER,0
ADANA,ALADAĞ,KIRIKKALE,BAHŞİLİ,0
ADANA,ALADAĞ,KIRIKKALE,BALIŞEYH,0
ADANA,ALADAĞ,KIRIKKALE,ÇELEBİ,0
ADANA,ALADAĞ,KIRIKKALE,DELİCE,0
ADANA,ALADAĞ,KIRIKKALE,KARAKEÇİLİ,0
ADANA,ALADAĞ,KIRIKKALE,KESKİN,0
ADANA,ALADAĞ,KIRIKKALE,MERKEZ,0
ADANA,ALADAĞ,KIRIKKALE,SULAKYURT,0
ADANA,ALADAĞ,KIRIKKALE,YAHŞİHAN,0
ADANA,ALADAĞ,BATMAN,BEŞİRİ,0
ADANA,ALADAĞ,BATMAN,GERCÜŞ,0
ADANA,ALADAĞ,BATMAN,HASANKEYF,0
ADANA,ALADAĞ,BATMAN,KOZLUK,0
ADANA,ALADAĞ,BATMAN,MERKEZ,0
ADANA,ALADAĞ,BATMAN,SASON,0
ADANA,ALADAĞ,ŞIRNAK,BEYTÜŞŞEBAP,0
ADANA,ALADAĞ,ŞIRNAK,CİZRE,0
ADANA,ALADAĞ,ŞIRNAK,GÜÇLÜKONAK,0
ADANA,ALADAĞ,ŞIRNAK,İDİL,0
ADANA,ALADAĞ,ŞIRNAK,MERKEZ,0
ADANA,ALADAĞ,ŞIRNAK,SİLOPİ,0
ADANA,ALADAĞ,ŞIRNAK,ULUDERE,0
ADANA,ALADAĞ,BARTIN,AMASRA,0
ADANA,ALADAĞ,BARTIN,KURUCAŞİLE,0
ADANA,ALADAĞ,BARTIN,MERKEZ,0
ADANA,ALADAĞ,BARTIN,ULUS,0
ADANA,ALADAĞ,ARDAHAN,ÇILDIR,0
ADANA,ALADAĞ,ARDAHAN,DAMAL,0
ADANA,ALADAĞ,ARDAHAN,GÖLE,0
ADANA,ALADAĞ,ARDAHAN,HANAK,0
ADANA,ALADAĞ,ARDAHAN,MERKEZ,0
ADANA,ALADAĞ,ARDAHAN,POSOF,0
ADANA,ALADAĞ,IĞDIR,ARALIK,0
ADANA,ALADAĞ,IĞDIR,KARAKOYUNLU,0
ADANA,ALADAĞ,IĞDIR,MERKEZ,0
ADANA,ALADAĞ,IĞDIR,TUZLUCA,0
ADANA,ALADAĞ,YALOVA,ALTINOVA,0
ADANA,ALADAĞ,YALOVA,ARMUTLU,0
ADANA,ALADAĞ,YALOVA,ÇINARCIK,0
ADANA,ALADAĞ,YALOVA,ÇİFTLİKKÖY,0
ADANA,ALADAĞ,YALOVA,MERKEZ,0
ADANA,ALADAĞ,YALOVA,TERMAL,0
ADANA,ALADAĞ,KARABÜK,EFLANİ,0
ADANA,ALADAĞ,KARABÜK,ESKİPAZAR,0
ADANA,ALADAĞ,KARABÜK,MERKEZ,0
ADANA,ALADAĞ,KARABÜK,OVACIK,0
ADANA,ALADAĞ,KARABÜK,SAFRANBOLU,0
ADANA,ALADAĞ,KARABÜK,YENİCE,0
ADANA,ALADAĞ,KİLİS,ELBEYLİ,0
ADANA,ALADAĞ,KİLİS,MERKEZ,0
ADANA,ALADAĞ,KİLİS,MUSABEYLİ,0
ADANA,ALADAĞ,KİLİS,POLATELİ,0
ADANA,ALADAĞ,OSMANİYE,BAHÇE,0
ADANA,ALADAĞ,OSMANİYE,DÜZİÇİ,0
ADANA,ALADAĞ,OSMANİYE,HASANBEYLİ,0
ADANA,ALADAĞ,OSMANİYE,KADİRLİ,0
ADANA,ALADAĞ,OSMANİYE,MERKEZ,0
ADANA,ALADAĞ,OSMANİYE,SUMBAS,0
ADANA,ALADAĞ,OSMANİYE,TOPRAKKALE,0
ADANA,ALADAĞ,DÜZCE,AKÇAKOCA,0
ADANA,ALADAĞ,DÜZCE,CUMAYERİ,0
ADANA,ALADAĞ,DÜZCE,ÇİLİMLİ,0
ADANA,ALADAĞ,DÜZCE,GÖLYAKA,0
ADANA,ALADAĞ,DÜZCE,GÜMÜŞOVA,0
ADANA,ALADAĞ,DÜZCE,KAYNAŞLI,0
ADANA,ALADAĞ,DÜZCE,MERKEZ,0
ADANA,ALADAĞ,DÜZCE,YIĞILCA,0
